AppName,word,count
Amazon shopping,love,11080
Amazon shopping,shopping,10632
Amazon shopping,prime,10601
Amazon shopping,service,10451
Amazon shopping,great,10071
Amazon shopping,can't,9830
Amazon shopping,don't,9616
Amazon shopping,delivery,9234
Amazon shopping,items,9183
Amazon shopping,good,8713
Amazon shopping,customer,8402
Amazon shopping,easy,8077
Amazon shopping,i'm,7756
Amazon shopping,out,7459
Amazon shopping,back,7193
Amazon shopping,never,7119
Amazon shopping,always,6636
Amazon shopping,need,6545
Amazon shopping,want,6487
Amazon shopping,phone,6137
Amazon shopping,find,6049
Amazon shopping,only,6014
Amazon shopping,money,5962
Amazon shopping,search,5781
Amazon shopping,shipping,5684
Amazon shopping,would,5656
Amazon shopping,everything,5291
Amazon shopping,anything,4963
Amazon shopping,their,4929
Amazon shopping,products,4904
Amazon shopping,way,4858
Amazon shopping,i've,4790
Amazon shopping,things,4735
Amazon shopping,shop,4509
Amazon shopping,its,4493
Amazon shopping,every,4390
Amazon shopping,fix,4283
Amazon shopping,other,4208
Amazon shopping,doesn't,4116
Amazon shopping,days,4092
Amazon shopping,used,4049
Amazon shopping,make,4031
Amazon shopping,keeps,3976
Amazon shopping,open,3844
Amazon shopping,again,3752
Amazon shopping,card,3731
Amazon shopping,times,3730
Amazon shopping,see,3700
Amazon shopping,won't,3628
Amazon shopping,best,3587
Lazada,good,11888
Lazada,delivery,8762
Lazada,items,7680
Lazada,shopping,6637
Lazada,easy,5842
Lazada,service,5687
Lazada,online,4986
Lazada,its,4785
Lazada,shipping,4574
Lazada,customer,4554
Lazada,always,4494
Lazada,products,4377
Lazada,seller,4221
Lazada,ads,3976
Lazada,their,3869
Lazada,fast,3811
Lazada,only,3632
Lazada,great,3513
Lazada,don't,3363
Lazada,other,3213
Lazada,can't,3181
Lazada,need,3154
Lazada,annoying,3116
Lazada,out,3079
Lazada,free,3042
Lazada,love,3026
Lazada,want,2941
Lazada,refund,2757
Lazada,experience,2673
Lazada,i'm,2670
Lazada,shopee,2646
Lazada,sellers,2638
Lazada,shop,2554
Lazada,quality,2435
Lazada,better,2413
Lazada,keep,2399
Lazada,price,2373
Lazada,money,2296
Lazada,vouchers,2293
Lazada,nice,2285
Lazada,convenient,2199
Lazada,make,2171
Lazada,give,2162
Lazada,bad,2158
Lazada,voucher,2142
Lazada,lot,2120
Lazada,already,2080
Lazada,best,2049
Lazada,never,2042
Lazada,problem,2020
Shein,love,15031
Shein,good,12012
Shein,clothes,11626
Shein,great,10704
Shein,quality,10379
Shein,items,8781
Shein,size,6058
Shein,prices,5935
Shein,easy,5652
Shein,shopping,5612
Shein,delivery,5385
Shein,everything,5204
Shein,shipping,5202
Shein,products,4805
Shein,always,4609
Shein,only,4535
Shein,clothing,4463
Shein,i've,4401
Shein,i'm,4232
Shein,their,4052
Shein,service,4039
Shein,don't,3813
Shein,amazing,3785
Shein,customer,3629
Shein,would,3624
Shein,never,3553
Shein,things,3469
Shein,price,3411
Shein,stuff,3012
Shein,recommend,2958
Shein,out,2846
Shein,return,2822
Shein,cheap,2819
Shein,its,2813
Shein,best,2806
Shein,points,2804
Shein,other,2792
Shein,well,2751
Shein,experience,2748
Shein,shop,2709
Shein,fast,2668
Shein,money,2646
Shein,sizes,2643
Shein,affordable,2532
Shein,reviews,2517
Shein,online,2475
Shein,find,2417
Shein,far,2398
Shein,fit,2388
Shein,nice,2358
eBay online shopping & selling,easy,29144
eBay online shopping & selling,great,23523
eBay online shopping & selling,good,18373
eBay online shopping & selling,items,16183
eBay online shopping & selling,love,13584
eBay online shopping & selling,find,12877
eBay online shopping & selling,always,11393
eBay online shopping & selling,sellers,7922
eBay online shopping & selling,seller,7806
eBay online shopping & selling,need,7365
eBay online shopping & selling,never,7335
eBay online shopping & selling,i've,7080
eBay online shopping & selling,i'm,7066
eBay online shopping & selling,out,7031
eBay online shopping & selling,only,6942
eBay online shopping & selling,money,6838
eBay online shopping & selling,things,6832
eBay online shopping & selling,everything,6792
eBay online shopping & selling,don't,6708
eBay online shopping & selling,shopping,6636
eBay online shopping & selling,service,6595
eBay online shopping & selling,selling,6485
eBay online shopping & selling,can't,6432
eBay online shopping & selling,want,6266
eBay online shopping & selling,sell,6035
eBay online shopping & selling,years,5817
eBay online shopping & selling,prices,5662
eBay online shopping & selling,buying,5586
eBay online shopping & selling,back,5477
eBay online shopping & selling,way,5464
eBay online shopping & selling,anything,5450
eBay online shopping & selling,would,5337
eBay online shopping & selling,best,5280
eBay online shopping & selling,works,5228
eBay online shopping & selling,experience,5222
eBay online shopping & selling,better,5090
eBay online shopping & selling,well,5059
eBay online shopping & selling,looking,5006
eBay online shopping & selling,customer,4972
eBay online shopping & selling,search,4926
eBay online shopping & selling,shipping,4809
eBay online shopping & selling,used,4530
eBay online shopping & selling,its,4461
eBay online shopping & selling,fast,4439
eBay online shopping & selling,make,4260
eBay online shopping & selling,stuff,4207
eBay online shopping & selling,other,4205
eBay online shopping & selling,price,4201
eBay online shopping & selling,products,4178
eBay online shopping & selling,phone,4054
